Age,MonthlyIncome,Department,JobRole,OverTime,JobSatisfaction,YearsAtCompany,attrition
41,5993,Sales,Sales Executive,Yes,4,6,1
49,5130,Research & Development,Research Scientist,No,2,10,0
37,2090,Research & Development,Laboratory Technician,Yes,3,0,1
33,2909,Research & Development,Research Scientist,Yes,3,8,0
27,3468,Research & Development,Laboratory Technician,No,2,2,0
32,3068,Research & Development,Laboratory Technician,No,4,7,0
59,2670,Research & Development,Laboratory Technician,Yes,1,1,0
30,2693,Research & Development,Laboratory Technician,No,3,1,0
38,9526,Research & Development,Manufacturing Director,No,3,9,0
36,5237,Research & Development,Healthcare Representative,No,3,7,0
35,2426,Research & Development,Laboratory Technician,No,2,5,0
29,4193,Research & Development,Laboratory Technician,Yes,3,9,0
31,2911,Research & Development,Research Scientist,No,3,5,0
34,2661,Research & Development,Laboratory Technician,No,4,2,0
28,2028,Research & Development,Laboratory Technician,Yes,3,4,1
29,9980,Research & Development,Manufacturing Director,No,1,10,0
32,3298,Research & Development,Research Scientist,Yes,2,6,0
22,2935,Research & Development,Laboratory Technician,Yes,4,1,0
53,15427,Sales,Manager,No,4,25,0
38,3944,Research & Development,Research Scientist,Yes,4,3,0
24,4011,Research & Development,Manufacturing Director,No,3,4,0
36,3407,Sales,Sales Representative,No,1,5,1
34,11994,Research & Development,Research Director,No,2,12,0
21,1232,Research & Development,Research Scientist,No,4,0,0
34,2960,Research & Development,Research Scientist,No,1,4,1
53,19094,Research & Development,Manager,No,3,14,0
32,3919,Research & Development,Research Scientist,Yes,1,10,1
42,6825,Sales,Sales Executive,No,2,9,0
44,10248,Research & Development,Healthcare Representative,No,4,22,0
46,18947,Sales,Manager,No,1,2,0
33,2496,Research & Development,Laboratory Technician,No,4,1,0
44,6465,Research & Development,Healthcare Representative,Yes,4,4,0
30,2206,Research & Development,Laboratory Technician,No,3,10,0
39,2086,Sales,Sales Representative,No,4,1,1
24,2293,Research & Development,Research Scientist,Yes,4,2,1
43,2645,Research & Development,Research Scientist,No,3,5,0
50,2683,Sales,Sales Representative,Yes,3,3,1
35,2014,Sales,Sales Representative,No,4,2,0
36,3419,Research & Development,Research Scientist,Yes,1,1,0
33,5376,Sales,Sales Executive,No,1,5,0
35,1951,Research & Development,Laboratory Technician,No,4,1,0
27,2341,Research & Development,Laboratory Technician,No,1,1,0
26,2293,Research & Development,Laboratory Technician,No,3,1,1
27,8726,Sales,Sales Executive,No,3,9,0
30,4011,Research & Development,Laboratory Technician,No,4,12,0
41,19545,Research & Development,Research Director,No,3,22,1
34,4568,Sales,Sales Executive,No,3,9,0
37,3022,Research & Development,Research Scientist,No,2,1,0
46,5772,Sales,Sales Executive,Yes,4,9,0
35,2269,Research & Development,Laboratory Technician,No,4,1,0
48,5381,Research & Development,Laboratory Technician,Yes,3,1,1
28,3441,Research & Development,Laboratory Technician,Yes,3,2,1
44,5454,Sales,Sales Executive,Yes,1,4,0
35,9884,Research & Development,Healthcare Representative,Yes,1,4,0
26,4157,Sales,Sales Executive,Yes,4,2,0
33,13458,Research & Development,Research Director,Yes,4,15,0
35,9069,Sales,Sales Executive,No,1,9,0
35,4014,Research & Development,Laboratory Technician,Yes,1,2,0
31,5915,Research & Development,Laboratory Technician,No,4,7,0
37,5993,Research & Development,Manufacturing Director,No,3,7,0
32,6162,Research & Development,Manufacturing Director,Yes,4,9,0
38,2406,Research & Development,Laboratory Technician,No,4,10,0
50,18740,Research & Development,Research Director,Yes,3,27,0
59,7637,Sales,Sales Executive,No,1,21,0
36,10096,Research & Development,Healthcare Representative,No,3,17,0
55,14756,Research & Development,Manager,Yes,3,5,0
36,6499,Research & Development,Manufacturing Director,No,2,6,0
45,9724,Research & Development,Research Scientist,No,1,1,0
35,2194,Research & Development,Research Scientist,No,1,3,0
36,3388,Research & Development,Research Scientist,Yes,3,1,1
59,5473,Sales,Sales Executive,No,3,4,0
29,2703,Research & Development,Research Scientist,No,2,5,0
31,2501,Research & Development,Research Scientist,No,2,1,0
32,6220,Research & Development,Research Scientist,No,2,10,0
36,3038,Research & Development,Laboratory Technician,No,4,1,0
31,4424,Research & Development,Manufacturing Director,No,4,11,0
35,4312,Sales,Sales Executive,No,1,15,0
45,13245,Research & Development,Research Director,Yes,1,0,0
37,13664,Research & Development,Research Director,No,3,5,0
46,5021,Human Resources,Human Resources,Yes,2,4,0
30,5126,Research & Development,Laboratory Technician,Yes,4,10,0
35,2859,Research & Development,Research Scientist,No,3,6,0
55,10239,Sales,Sales Executive,No,4,1,0
38,5329,Research & Development,Research Scientist,Yes,4,13,0
34,4325,Research & Development,Manufacturing Director,No,2,5,0
56,7260,Research & Development,Manufacturing Director,No,4,6,0
23,2322,Sales,Sales Representative,No,1,0,0
51,2075,Research & Development,Laboratory Technician,No,4,4,0
30,4152,Research & Development,Healthcare Representative,No,4,11,0
46,9619,Sales,Sales Executive,No,4,9,1
40,13503,Research & Development,Healthcare Representative,No,2,22,0
51,5441,Sales,Sales Executive,Yes,4,10,0
30,5209,Sales,Sales Executive,Yes,2,11,0
46,10673,Research & Development,Healthcare Representative,Yes,1,10,0
32,5010,Sales,Sales Executive,No,3,11,0
54,13549,Research & Development,Research Director,No,3,4,0
24,4999,Sales,Sales Executive,No,3,3,0
28,4221,Sales,Sales Executive,No,3,5,0
58,13872,Sales,Sales Executive,No,3,37,0
44,2042,Research & Development,Laboratory Technician,No,2,3,0
37,2073,Human Resources,Human Resources,Yes,1,3,1
32,2956,Research & Development,Research Scientist,No,1,1,0
20,2926,Research & Development,Laboratory Technician,Yes,4,1,1
34,4809,Research & Development,Research Scientist,No,3,16,0
37,5163,Research & Development,Healthcare Representative,No,4,1,0
59,18844,Human Resources,Manager,No,4,3,0
50,18172,Research & Development,Research Director,Yes,2,8,0
25,5744,Sales,Sales Executive,Yes,3,6,1
25,2889,Research & Development,Research Scientist,No,4,2,0
22,2871,Research & Development,Laboratory Technician,No,4,0,0
51,7484,Research & Development,Healthcare Representative,No,1,13,0
34,6074,Research & Development,Laboratory Technician,Yes,3,9,1
54,17328,Human Resources,Manager,Yes,4,5,0
24,2774,Research & Development,Laboratory Technician,No,3,5,0
34,4505,Research & Development,Research Scientist,No,2,1,0
37,7428,Sales,Sales Executive,No,4,5,0
34,11631,Research & Development,Manager,No,1,11,0
36,9738,Sales,Sales Executive,No,4,9,0
36,2835,Research & Development,Laboratory Technician,No,4,1,0
43,16959,Sales,Manager,Yes,4,25,0
30,2613,Research & Development,Research Scientist,No,3,10,0
33,6146,Sales,Sales Executive,No,2,7,0
56,4963,Research & Development,Research Scientist,Yes,2,5,1
51,19537,Research & Development,Research Director,No,3,20,0
31,6172,Sales,Sales Executive,Yes,3,7,1
26,2368,Research & Development,Research Scientist,No,2,5,0
58,10312,Research & Development,Healthcare Representative,No,4,40,1
19,1675,Sales,Sales Representative,Yes,3,0,1
22,2523,Research & Development,Laboratory Technician,No,4,2,0
49,6567,Research & Development,Manufacturing Director,No,1,15,0
43,4739,Research & Development,Research Scientist,No,3,3,0
50,9208,Sales,Sales Executive,No,4,2,0
31,4559,Sales,Sales Executive,Yes,3,2,1
41,8189,Sales,Sales Executive,Yes,3,9,0
26,2942,Human Resources,Human Resources,No,3,8,0
36,4941,Research & Development,Manufacturing Director,No,2,3,0
51,10650,Research & Development,Manufacturing Director,No,4,4,1
39,5902,Sales,Sales Executive,No,3,15,0
25,8639,Sales,Sales Executive,No,3,2,0
30,6347,Human Resources,Human Resources,Yes,4,11,0
32,4200,Research & Development,Laboratory Technician,No,1,5,1
45,3452,Research & Development,Research Scientist,No,4,6,0
38,4317,Research & Development,Research Scientist,Yes,3,3,0
30,2632,Research & Development,Research Scientist,No,3,5,0
32,4668,Sales,Sales Executive,No,4,8,0
30,3204,Research & Development,Research Scientist,No,1,3,0
30,2720,Research & Development,Laboratory Technician,No,4,5,0
41,17181,Research & Development,Manager,No,1,7,0
41,2238,Research & Development,Laboratory Technician,No,1,5,0
19,1483,Research & Development,Laboratory Technician,No,2,1,0
40,5605,Research & Development,Research Scientist,No,2,20,0
35,7295,Sales,Sales Executive,No,2,10,0
53,2306,Sales,Sales Representative,Yes,3,7,0
45,2348,Research & Development,Laboratory Technician,No,2,17,0
32,8998,Sales,Sales Executive,No,4,9,0
29,4319,Research & Development,Manufacturing Director,No,3,10,0
51,6132,Research & Development,Manufacturing Director,No,3,1,0
58,3346,Research & Development,Research Scientist,Yes,2,1,0
40,10855,Sales,Sales Executive,No,4,12,0
34,2231,Sales,Sales Representative,No,3,4,0
22,2323,Research & Development,Research Scientist,No,4,2,0
27,2024,Research & Development,Research Scientist,No,2,2,0
28,2713,Research & Development,Research Scientist,No,4,5,0
57,9439,Research & Development,Healthcare Representative,Yes,4,5,0
27,2566,Research & Development,Research Scientist,Yes,3,1,0
50,19926,Research & Development,Manager,No,2,5,0
41,2451,Research & Development,Research Scientist,No,3,9,0
30,9419,Sales,Sales Executive,No,4,10,0
38,8686,Sales,Sales Executive,No,4,8,0
32,3038,Research & Development,Research Scientist,No,3,5,0
27,3058,Research & Development,Research Scientist,Yes,2,5,0
19,2325,Sales,Sales Representative,No,1,0,1
36,2088,Research & Development,Laboratory Technician,No,2,8,0
30,3072,Research & Development,Laboratory Technician,No,1,12,0
45,5006,Sales,Sales Executive,Yes,1,5,0
56,4257,Research & Development,Research Scientist,Yes,1,2,0
33,2500,Research & Development,Research Scientist,No,4,3,0
19,1102,Research & Development,Laboratory Technician,No,4,1,1
46,10453,Sales,Sales Executive,No,1,24,0
38,2288,Research & Development,Laboratory Technician,No,4,2,0
31,3929,Research & Development,Research Scientist,Yes,4,4,0
34,2311,Research & Development,Research Scientist,No,2,3,0
41,3140,Sales,Sales Representative,Yes,2,4,1
50,3690,Research & Development,Laboratory Technician,No,3,3,0
53,4450,Research & Development,Manufacturing Director,No,1,4,0
33,2756,Research & Development,Research Scientist,No,2,8,0
40,19033,Research & Development,Manager,No,3,20,0
55,18722,Research & Development,Research Director,No,2,24,0
34,9547,Research & Development,Manufacturing Director,No,3,10,0
51,13734,Research & Development,Healthcare Representative,No,2,7,0
52,19999,Research & Development,Manager,No,3,33,0
27,2279,Research & Development,Research Scientist,No,2,7,0
35,5916,Research & Development,Manufacturing Director,Yes,3,1,1
43,2089,Research & Development,Research Scientist,No,4,5,0
45,16792,Research & Development,Manager,No,4,20,0
37,3564,Research & Development,Research Scientist,Yes,1,8,0
35,4425,Research & Development,Laboratory Technician,No,2,6,0
42,5265,Research & Development,Manufacturing Director,No,3,5,0
38,6553,Research & Development,Manufacturing Director,No,3,1,0
38,6261,Research & Development,Manufacturing Director,No,4,7,0
27,4298,Research & Development,Manufacturing Director,No,1,2,0
49,6804,Research & Development,Manufacturing Director,Yes,4,7,0
34,3815,Research & Development,Research Scientist,Yes,3,5,0
40,2741,Research & Development,Laboratory Technician,Yes,4,7,0
38,6673,Research & Development,Healthcare Representative,Yes,1,1,1
29,7639,Sales,Sales Executive,No,4,10,1
22,2328,Research & Development,Research Scientist,Yes,2,4,0
36,2153,Research & Development,Laboratory Technician,No,4,8,0
40,4876,Research & Development,Healthcare Representative,No,4,3,0
46,9396,Research & Development,Healthcare Representative,No,1,4,0
32,10400,Sales,Sales Executive,No,4,14,1
30,8474,Research & Development,Manufacturing Director,No,3,11,0
27,9981,Sales,Sales Executive,No,3,7,0
51,12490,Research & Development,Research Director,No,2,10,0
30,2657,Research & Development,Research Scientist,Yes,1,5,1
41,13591,Sales,Manager,Yes,4,1,0
30,6696,Sales,Sales Executive,No,1,6,1
29,2058,Research & Development,Research Scientist,No,3,6,1
45,8865,Sales,Sales Executive,No,4,19,0
54,5940,Sales,Sales Executive,No,1,6,0
36,5914,Research & Development,Laboratory Technician,No,2,13,0
33,2622,Research & Development,Research Scientist,No,2,3,0
37,12185,Research & Development,Research Director,Yes,4,10,0
38,10609,Sales,Sales Executive,No,3,16,0
31,4345,Research & Development,Manufacturing Director,No,3,5,0
59,2177,Research & Development,Research Scientist,No,4,1,0
37,2793,Sales,Sales Representative,No,4,9,0
29,7918,Sales,Sales Executive,No,4,11,0
35,8789,Sales,Sales Executive,No,3,10,0
29,2389,Research & Development,Research Scientist,Yes,4,4,1
52,3212,Research & Development,Laboratory Technician,No,4,2,0
42,19232,Research & Development,Manager,No,4,22,0
59,2267,Human Resources,Human Resources,No,3,2,0
50,19517,Sales,Manager,No,4,7,0
33,2436,Research & Development,Laboratory Technician,Yes,4,5,1
43,16064,Sales,Manager,Yes,4,17,0
33,2707,Research & Development,Laboratory Technician,No,1,9,1
52,19068,Sales,Manager,Yes,3,33,0
32,3931,Sales,Sales Representative,No,2,4,0
32,3730,Research & Development,Laboratory Technician,Yes,3,3,1
39,2232,Research & Development,Laboratory Technician,No,3,3,0
32,4465,Sales,Sales Executive,No,4,3,0
41,3072,Research & Development,Research Scientist,No,1,1,0
40,3319,Research & Development,Research Scientist,No,4,9,0
45,19202,Research & Development,Manager,No,4,24,0
31,13675,Research & Development,Research Director,No,3,2,0
33,2911,Research & Development,Research Scientist,No,4,2,0
34,5957,Research & Development,Manufacturing Director,No,1,11,0
37,3920,Research & Development,Research Scientist,No,1,3,0
45,6434,Research & Development,Manufacturing Director,No,3,3,0
37,10048,Research & Development,Manufacturing Director,No,3,1,1
39,10938,Research & Development,Healthcare Representative,No,3,19,0
29,2340,Research & Development,Research Scientist,No,4,6,0
42,6545,Research & Development,Research Scientist,Yes,1,3,0
29,6931,Sales,Sales Executive,No,4,3,0
25,4898,Research & Development,Manufacturing Director,No,3,4,0
42,2593,Research & Development,Laboratory Technician,Yes,1,9,0
40,19436,Research & Development,Research Director,No,3,21,0
51,2723,Research & Development,Research Scientist,No,4,1,0
31,3479,Research & Development,Laboratory Technician,No,2,5,1
32,2794,Research & Development,Laboratory Technician,No,2,5,0
38,5249,Sales,Sales Executive,No,4,8,0
32,2176,Research & Development,Laboratory Technician,No,1,6,0
46,16872,Sales,Manager,Yes,2,7,0
28,3485,Research & Development,Laboratory Technician,No,3,0,1
29,6644,Sales,Sales Executive,No,2,0,0
31,5582,Research & Development,Healthcare Representative,No,4,9,0
25,4000,Research & Development,Healthcare Representative,No,1,6,0
45,13496,Research & Development,Healthcare Representative,Yes,4,20,0
36,3210,Research & Development,Laboratory Technician,No,4,15,0
55,19045,Research & Development,Manager,Yes,1,36,0
47,11849,Research & Development,Manager,Yes,2,10,1
28,2070,Research & Development,Research Scientist,No,4,5,0
37,6502,Sales,Sales Executive,No,4,5,0
21,3230,Research & Development,Research Scientist,No,3,3,0
37,13603,Research & Development,Research Director,Yes,4,5,0
35,11996,Research & Development,Manager,No,2,7,0
38,5605,Sales,Sales Executive,Yes,1,8,0
26,6397,Research & Development,Manufacturing Director,No,2,6,0
50,19144,Research & Development,Research Director,No,2,10,0
53,17584,Research & Development,Research Director,Yes,3,5,0
42,4907,Sales,Sales Executive,No,3,20,0
29,4554,Sales,Sales Executive,No,4,10,0
55,5415,Research & Development,Laboratory Technician,Yes,4,10,0
26,4741,Research & Development,Healthcare Representative,Yes,1,5,0
37,2115,Research & Development,Research Scientist,No,4,17,0
44,3161,Research & Development,Laboratory Technician,Yes,3,1,1
38,5745,Research & Development,Healthcare Representative,No,4,2,0
26,2373,Research & Development,Laboratory Technician,Yes,2,3,1
28,3310,Research & Development,Research Scientist,No,4,5,0
49,18665,Research & Development,Research Director,Yes,1,3,0
36,4485,Research & Development,Research Scientist,No,2,8,0
31,2789,Sales,Sales Representative,No,2,2,0
26,5828,Sales,Sales Executive,Yes,4,8,1
37,2326,Research & Development,Research Scientist,Yes,4,4,0
42,13525,Sales,Sales Executive,No,2,20,0
18,1420,Research & Development,Laboratory Technician,No,3,0,1
35,8020,Sales,Sales Executive,No,2,11,0
36,3688,Research & Development,Laboratory Technician,No,4,1,0
51,5482,Research & Development,Manufacturing Director,No,2,4,0
41,16015,Sales,Manager,No,2,22,0
18,1200,Sales,Sales Representative,No,3,0,0
28,5661,Research & Development,Healthcare Representative,No,1,8,0
31,6929,Sales,Sales Executive,No,4,8,0
39,9613,Research & Development,Healthcare Representative,No,4,18,0
36,5674,Research & Development,Laboratory Technician,No,2,9,0
32,5484,Sales,Sales Executive,No,3,13,0
38,12061,Research & Development,Research Director,No,2,10,0
58,5660,Research & Development,Healthcare Representative,Yes,3,5,0
31,4821,Research & Development,Research Scientist,Yes,4,5,0
31,6410,Human Resources,Human Resources,No,1,2,0
45,5210,Research & Development,Laboratory Technician,No,1,24,0
31,2695,Research & Development,Research Scientist,Yes,4,2,0
33,11878,Research & Development,Manager,No,2,10,0
39,17068,Research & Development,Manager,Yes,1,21,0
43,2455,Research & Development,Laboratory Technician,No,4,8,0
49,13964,Research & Development,Healthcare Representative,Yes,3,7,0
52,4941,Research & Development,Research Scientist,No,2,8,1
27,2478,Research & Development,Research Scientist,Yes,2,4,0
32,5228,Sales,Sales Executive,Yes,2,13,0
27,4478,Sales,Sales Executive,Yes,3,5,0
31,7547,Sales,Sales Executive,No,4,7,0
32,5055,Research & Development,Research Scientist,No,4,7,0
28,3464,Research & Development,Research Scientist,Yes,4,3,1
30,5775,Research & Development,Research Scientist,No,4,10,0
31,8943,Research & Development,Manufacturing Director,No,3,10,0
39,19272,Research & Development,Manager,No,4,21,0
39,5238,Sales,Sales Executive,Yes,3,1,1
33,4682,Sales,Sales Executive,No,4,7,0
47,18300,Research & Development,Research Director,No,3,3,0
43,5257,Research & Development,Laboratory Technician,No,3,9,0
27,6349,Sales,Sales Executive,Yes,2,5,0
54,4869,Research & Development,Research Scientist,No,3,4,0
43,9985,Research & Development,Healthcare Representative,No,1,1,0
45,3697,Research & Development,Research Scientist,No,4,10,0
40,7457,Sales,Sales Executive,Yes,4,4,0
29,2119,Research & Development,Laboratory Technician,Yes,1,7,1
29,3983,Research & Development,Laboratory Technician,No,4,3,0
30,6118,Sales,Sales Executive,No,3,10,0
27,6214,Sales,Sales Executive,No,2,8,0
37,6347,Research & Development,Manufacturing Director,No,4,6,0
38,11510,Research & Development,Research Director,Yes,4,11,0
31,7143,Research & Development,Manufacturing Director,Yes,4,11,0
29,8268,Sales,Sales Executive,Yes,2,7,0
35,8095,Research & Development,Manufacturing Director,No,2,16,0
23,2904,Research & Development,Research Scientist,No,4,4,0
41,6032,Research & Development,Manufacturing Director,Yes,2,5,0
47,2976,Sales,Sales Representative,No,3,0,0
42,15992,Research & Development,Research Director,No,4,1,0
29,4649,Sales,Sales Executive,No,3,4,0
42,2696,Human Resources,Human Resources,Yes,3,3,0
32,2370,Research & Development,Laboratory Technician,No,2,8,0
48,12504,Sales,Manager,No,3,0,0
37,5974,Research & Development,Research Scientist,Yes,1,7,0
30,4736,Sales,Sales Executive,Yes,3,2,0
26,5296,Sales,Sales Executive,No,3,8,0
42,6781,Research & Development,Healthcare Representative,No,4,1,0
21,2174,Sales,Sales Representative,Yes,2,3,1
36,6653,Sales,Sales Executive,No,4,1,0
36,9699,Sales,Sales Executive,No,4,13,0
57,6755,Research & Development,Healthcare Representative,No,3,3,0
40,2213,Research & Development,Laboratory Technician,Yes,3,7,0
21,2610,Sales,Sales Representative,No,4,3,0
33,2851,Sales,Sales Representative,Yes,3,1,1
37,3452,Research & Development,Laboratory Technician,No,1,5,0
46,5258,Research & Development,Manufacturing Director,No,3,1,0
41,9355,Sales,Sales Executive,No,2,8,1
50,10496,Research & Development,Healthcare Representative,No,4,4,0
40,6380,Sales,Sales Executive,Yes,3,6,1
31,2657,Research & Development,Research Scientist,Yes,2,2,0
21,2716,Sales,Sales Representative,No,2,1,1
29,2201,Research & Development,Research Scientist,No,4,3,0
35,6540,Research & Development,Healthcare Representative,No,2,1,0
27,3816,Research & Development,Laboratory Technician,No,2,5,0
28,5253,Sales,Sales Executive,No,4,7,0
49,10965,Research & Development,Healthcare Representative,No,3,5,0
51,4936,Sales,Sales Executive,No,4,7,0
36,2543,Research & Development,Research Scientist,No,3,2,0
34,5304,Sales,Sales Executive,Yes,4,5,1
55,16659,Research & Development,Manager,Yes,4,5,0
24,4260,Sales,Sales Executive,Yes,3,5,0
30,2476,Sales,Sales Representative,No,2,1,0
26,3102,Research & Development,Research Scientist,No,1,6,1
22,2244,Research & Development,Research Scientist,No,2,2,0
36,7596,Sales,Sales Executive,No,3,10,0
30,2285,Research & Development,Research Scientist,Yes,4,1,1
37,3034,Research & Development,Laboratory Technician,No,1,18,0
40,5715,Sales,Sales Executive,No,2,5,0
42,2576,Research & Development,Laboratory Technician,No,1,5,0
37,4197,Research & Development,Manufacturing Director,Yes,2,1,0
43,14336,Research & Development,Research Director,No,2,25,0
40,3448,Research & Development,Laboratory Technician,No,3,1,0
54,19406,Research & Development,Research Director,No,1,4,0
34,6538,Sales,Sales Executive,No,3,3,0
31,4306,Research & Development,Manufacturing Director,No,1,13,0
43,2258,Research & Development,Laboratory Technician,No,4,3,0
43,4522,Research & Development,Healthcare Representative,Yes,3,5,0
25,4487,Sales,Sales Executive,Yes,4,5,0
37,4449,Research & Development,Research Scientist,Yes,3,13,0
31,2218,Research & Development,Laboratory Technician,No,1,4,0
39,19197,Research & Development,Manager,Yes,3,21,0
56,13212,Sales,Sales Executive,No,1,7,0
30,6577,Sales,Sales Executive,No,3,5,0
41,8392,Sales,Sales Executive,No,1,10,0
28,4558,Research & Development,Laboratory Technician,No,1,10,0
25,4031,Research & Development,Laboratory Technician,No,1,2,1
52,7969,Research & Development,Manufacturing Director,Yes,3,5,0
45,2654,Research & Development,Research Scientist,No,4,2,0
52,16555,Research & Development,Manager,No,4,5,0
42,4556,Research & Development,Research Scientist,No,3,5,0
30,6091,Research & Development,Manufacturing Director,No,4,5,0
60,19566,Research & Development,Manager,No,1,29,0
46,4810,Research & Development,Manufacturing Director,No,3,10,0
42,4523,Research & Development,Healthcare Representative,No,4,6,0
24,3202,Sales,Sales Representative,Yes,2,5,1
34,2351,Sales,Sales Representative,No,3,2,1
38,1702,Research & Development,Laboratory Technician,Yes,4,1,0
40,18041,Sales,Manager,No,3,20,0
26,2886,Research & Development,Research Scientist,No,4,3,0
30,2097,Research & Development,Laboratory Technician,No,4,5,0
29,11935,Research & Development,Research Director,No,3,10,0
29,2546,Research & Development,Research Scientist,No,2,2,1
19,2564,Human Resources,Human Resources,No,4,1,1
30,8412,Sales,Sales Executive,No,1,9,0
57,14118,Sales,Manager,No,4,1,0
50,17046,Research & Development,Manager,No,3,27,0
30,2564,Research & Development,Laboratory Technician,No,4,11,0
60,10266,Sales,Sales Executive,No,1,18,0
47,5070,Research & Development,Manufacturing Director,No,4,5,0
46,17861,Research & Development,Research Director,No,3,3,0
35,4230,Research & Development,Laboratory Technician,No,3,5,0
54,3780,Research & Development,Laboratory Technician,No,3,1,0
34,2768,Research & Development,Research Scientist,No,3,7,0
46,9071,Sales,Sales Executive,Yes,4,3,0
31,10648,Research & Development,Manufacturing Director,No,2,13,0
33,13610,Research & Development,Manager,Yes,3,7,1
33,3408,Research & Development,Laboratory Technician,No,4,4,1
30,2983,Sales,Sales Representative,No,2,3,0
35,7632,Research & Development,Healthcare Representative,Yes,3,8,0
31,9824,Research & Development,Healthcare Representative,No,3,1,1
34,9950,Human Resources,Human Resources,Yes,1,3,1
42,2093,Research & Development,Laboratory Technician,No,3,2,0
36,9980,Sales,Sales Executive,No,4,10,0
22,3894,Research & Development,Laboratory Technician,No,3,2,1
48,4051,Sales,Sales Executive,No,4,9,0
55,16835,Sales,Manager,No,2,10,0
41,6230,Sales,Sales Executive,No,4,14,0
35,4717,Sales,Sales Executive,No,3,11,0
40,13237,Research & Development,Manufacturing Director,No,3,20,0
39,3755,Research & Development,Laboratory Technician,No,3,8,0
31,6582,Sales,Sales Executive,Yes,4,6,0
42,7406,Research & Development,Manufacturing Director,Yes,1,10,0
45,4805,Sales,Sales Executive,No,2,8,0
26,2741,Human Resources,Human Resources,Yes,3,7,1
29,4262,Research & Development,Manufacturing Director,No,4,3,0
33,16184,Research & Development,Research Director,No,3,6,0
31,11557,Sales,Manager,No,4,5,0
18,1878,Sales,Sales Representative,Yes,2,0,1
40,10932,Sales,Sales Executive,No,1,1,0
41,6811,Research & Development,Healthcare Representative,Yes,3,8,0
26,4306,Sales,Sales Executive,No,3,0,0
35,4859,Sales,Sales Executive,No,3,5,0
34,5337,Sales,Sales Executive,No,4,10,0
26,2340,Research & Development,Laboratory Technician,Yes,4,1,1
37,7491,Research & Development,Manufacturing Director,No,4,6,0
46,10527,Research & Development,Healthcare Representative,No,3,2,0
41,16595,Sales,Manager,No,1,18,0
37,8834,Sales,Sales Executive,No,2,9,0
52,5577,Research & Development,Research Scientist,Yes,1,10,0
32,4707,Sales,Sales Executive,No,3,4,1
24,2400,Sales,Sales Representative,No,4,2,0
38,9824,Research & Development,Healthcare Representative,No,3,1,0
37,6447,Research & Development,Manufacturing Director,No,2,6,0
49,19502,Research & Development,Research Director,Yes,3,31,0
24,2725,Research & Development,Research Scientist,Yes,4,6,0
26,6272,Sales,Sales Executive,No,2,5,0
24,2127,Research & Development,Laboratory Technician,No,2,1,0
50,18200,Human Resources,Manager,No,2,32,0
25,2096,Sales,Sales Representative,No,3,7,0
24,2886,Research & Development,Laboratory Technician,Yes,3,6,1
30,2033,Sales,Sales Representative,No,1,1,1
34,3622,Research & Development,Research Scientist,Yes,4,6,0
31,4233,Sales,Sales Executive,No,1,3,1
35,3681,Research & Development,Laboratory Technician,No,4,3,0
31,5460,Sales,Sales Executive,No,4,7,0
27,2187,Research & Development,Research Scientist,No,3,5,0
37,9602,Sales,Sales Executive,Yes,3,3,0
20,2836,Research & Development,Research Scientist,No,2,1,0
42,4089,Research & Development,Healthcare Representative,No,4,10,0
43,16627,Research & Development,Research Director,Yes,4,1,0
38,2619,Research & Development,Research Scientist,No,1,0,0
43,5679,Research & Development,Laboratory Technician,Yes,3,8,0
48,15402,Research & Development,Manager,No,1,3,0
44,5985,Human Resources,Human Resources,No,3,2,0
34,2579,Sales,Sales Representative,Yes,3,8,0
27,3041,Sales,Sales Representative,No,1,4,1
21,3447,Sales,Sales Representative,No,3,3,0
44,19513,Research & Development,Manager,Yes,4,2,0
22,2773,Research & Development,Research Scientist,No,3,2,0
33,7104,Sales,Sales Executive,No,3,5,0
32,6322,Research & Development,Research Scientist,Yes,4,6,0
30,2083,Research & Development,Research Scientist,No,3,1,0
53,8381,Sales,Sales Executive,No,1,14,0
34,2691,Research & Development,Research Scientist,No,4,10,0
45,4286,Sales,Sales Executive,No,1,1,1
26,2659,Research & Development,Laboratory Technician,Yes,4,3,0
37,9434,Research & Development,Manufacturing Director,No,3,10,0
29,5561,Sales,Sales Executive,No,3,6,0
35,6646,Research & Development,Research Scientist,No,4,17,0
33,7725,Research & Development,Healthcare Representative,No,4,13,0
54,10725,Human Resources,Human Resources,No,2,9,0
36,8847,Research & Development,Manufacturing Director,Yes,2,3,0
27,2045,Research & Development,Research Scientist,No,4,4,0
20,1009,Research & Development,Research Scientist,Yes,3,1,1
33,3348,Research & Development,Research Scientist,Yes,1,10,1
35,1281,Research & Development,Laboratory Technician,No,3,1,0
23,2819,Research & Development,Research Scientist,No,1,3,0
25,4851,Sales,Sales Executive,No,2,3,0
38,4028,Sales,Sales Executive,No,4,7,0
29,2720,Research & Development,Research Scientist,No,4,10,0
48,8120,Sales,Sales Executive,No,2,2,0
27,4647,Sales,Sales Executive,Yes,4,6,0
37,4680,Research & Development,Research Scientist,No,4,1,0
50,3221,Research & Development,Laboratory Technician,Yes,3,20,0
34,8621,Research & Development,Healthcare Representative,No,2,8,0
24,4577,Sales,Sales Executive,No,3,2,1
39,4553,Research & Development,Healthcare Representative,No,3,20,0
32,5396,Sales,Sales Executive,No,4,10,0
50,6796,Sales,Sales Executive,Yes,3,4,1
38,7625,Research & Development,Healthcare Representative,No,4,9,0
27,7412,Research & Development,Manufacturing Director,No,1,9,0
32,11159,Research & Development,Research Director,No,4,7,0
47,4960,Sales,Sales Executive,No,1,7,0
40,10475,Sales,Sales Executive,Yes,1,18,0
53,14814,Research & Development,Research Director,No,3,5,0
41,19141,Human Resources,Manager,No,4,21,0
60,5405,Sales,Sales Executive,No,1,2,0
27,8793,Research & Development,Manufacturing Director,No,1,9,0
41,19189,Human Resources,Manager,No,3,22,0
50,3875,Sales,Sales Representative,No,2,2,0
28,2216,Research & Development,Research Scientist,Yes,2,7,1
36,11713,Research & Development,Research Director,No,1,8,0
38,7861,Research & Development,Manufacturing Director,Yes,3,1,0
44,3708,Research & Development,Laboratory Technician,No,3,5,0
47,13770,Sales,Sales Executive,Yes,3,22,0
30,5304,Sales,Sales Executive,No,4,8,0
29,2642,Sales,Sales Representative,No,3,1,0
42,2759,Research & Development,Research Scientist,Yes,3,2,1
43,6804,Sales,Sales Executive,No,4,2,0
34,6142,Research & Development,Healthcare Representative,No,3,5,0
23,2500,Research & Development,Laboratory Technician,No,1,4,0
39,6389,Human Resources,Human Resources,No,2,8,0
56,11103,Research & Development,Healthcare Representative,No,4,10,0
40,2342,Research & Development,Research Scientist,Yes,4,4,0
27,6811,Research & Development,Healthcare Representative,No,1,7,0
29,2297,Sales,Sales Representative,No,2,2,0
53,2450,Research & Development,Laboratory Technician,No,4,2,0
35,5093,Research & Development,Healthcare Representative,No,1,1,0
32,5309,Research & Development,Laboratory Technician,No,4,10,0
38,3057,Research & Development,Research Scientist,Yes,3,1,0
34,5121,Research & Development,Manufacturing Director,No,1,0,0
52,16856,Sales,Manager,No,1,34,0
33,2686,Research & Development,Research Scientist,Yes,4,10,1
25,6180,Sales,Sales Executive,No,4,6,0
45,6632,Sales,Sales Representative,No,3,8,0
23,3505,Research & Development,Research Scientist,No,3,2,0
47,6397,Sales,Sales Executive,Yes,3,5,1
34,6274,Sales,Sales Executive,No,4,6,0
55,19859,Research & Development,Manager,Yes,1,5,1
36,7587,Sales,Sales Executive,No,1,10,0
52,4258,Research & Development,Research Scientist,No,4,4,0
26,4364,Research & Development,Laboratory Technician,No,4,2,0
29,4335,Research & Development,Healthcare Representative,No,3,8,0
26,5326,Sales,Sales Executive,No,1,4,1
34,3280,Research & Development,Research Scientist,No,4,4,0
54,5485,Research & Development,Manufacturing Director,Yes,1,5,0
27,4342,Sales,Sales Executive,No,4,4,0
37,2782,Research & Development,Research Scientist,Yes,1,5,0
38,5980,Research & Development,Manufacturing Director,Yes,1,15,0
34,4381,Research & Development,Research Scientist,No,1,6,0
35,2572,Sales,Sales Representative,No,4,3,0
30,3833,Research & Development,Laboratory Technician,No,3,2,0
40,4244,Research & Development,Healthcare Representative,No,2,8,0
34,6500,Sales,Sales Executive,No,1,3,0
42,18430,Research & Development,Manager,No,4,24,0
23,1601,Research & Development,Laboratory Technician,Yes,1,0,1
24,2694,Research & Development,Laboratory Technician,No,2,1,0
52,3149,Research & Development,Laboratory Technician,No,3,5,0
50,17639,Research & Development,Research Director,No,3,4,0
29,2319,Research & Development,Laboratory Technician,Yes,1,1,1
33,11691,Research & Development,Research Director,No,3,13,0
33,5324,Sales,Sales Executive,No,1,3,1
47,16752,Research & Development,Manager,Yes,4,26,0
36,5228,Research & Development,Manufacturing Director,No,2,9,0
29,2700,Research & Development,Research Scientist,No,3,10,0
58,19246,Research & Development,Research Director,Yes,2,31,1
35,2506,Research & Development,Research Scientist,No,3,2,0
42,6062,Research & Development,Manufacturing Director,Yes,4,4,0
28,4382,Research & Development,Research Scientist,No,3,2,1
36,2143,Human Resources,Human Resources,No,2,5,0
32,6162,Research & Development,Manufacturing Director,No,3,14,0
40,5094,Research & Development,Laboratory Technician,No,3,1,0
30,6877,Research & Development,Manufacturing Director,Yes,4,0,0
45,2274,Research & Development,Research Scientist,No,3,1,0
42,4434,Research & Development,Manufacturing Director,No,2,9,0
38,6288,Research & Development,Healthcare Representative,No,1,4,0
34,2553,Research & Development,Research Scientist,No,4,5,0
49,7654,Sales,Sales Executive,No,4,9,1
55,5160,Sales,Sales Executive,No,4,9,1
43,17159,Research & Development,Research Director,No,1,4,0
27,12808,Research & Development,Research Director,Yes,4,9,0
35,10221,Research & Development,Manufacturing Director,No,3,8,0
28,4779,Sales,Sales Executive,Yes,2,8,0
34,3737,Human Resources,Human Resources,No,4,3,0
26,2366,Research & Development,Research Scientist,Yes,3,8,1
27,1706,Research & Development,Research Scientist,No,4,0,0
51,16307,Sales,Manager,No,3,20,0
44,5933,Research & Development,Healthcare Representative,No,2,5,0
25,3424,Research & Development,Research Scientist,No,1,4,0
33,4037,Sales,Sales Executive,No,1,9,0
35,2559,Research & Development,Research Scientist,No,1,6,0
36,6201,Sales,Sales Executive,Yes,4,18,0
32,4403,Sales,Sales Executive,No,4,5,0
30,3761,Research & Development,Research Scientist,No,4,5,0
53,10934,Sales,Sales Executive,Yes,4,5,0
45,10761,Sales,Sales Executive,Yes,1,5,0
32,5175,Research & Development,Research Scientist,No,3,5,0
52,13826,Research & Development,Manufacturing Director,No,4,9,0
37,6334,Sales,Sales Executive,No,3,1,0
28,4936,Human Resources,Human Resources,No,4,5,0
22,4775,Research & Development,Manufacturing Director,No,4,2,0
44,2818,Research & Development,Laboratory Technician,Yes,4,3,0
42,2515,Research & Development,Research Scientist,Yes,4,2,0
36,2342,Human Resources,Human Resources,No,1,5,0
25,4194,Sales,Sales Executive,Yes,1,5,0
35,10685,Research & Development,Manufacturing Director,Yes,3,17,0
35,2022,Research & Development,Research Scientist,Yes,2,10,1
32,2314,Research & Development,Laboratory Technician,No,4,3,0
25,4256,Sales,Sales Executive,No,1,5,0
49,3580,Research & Development,Research Scientist,No,1,4,0
24,3162,Research & Development,Laboratory Technician,No,4,5,0
32,6524,Sales,Sales Executive,No,2,10,0
38,2899,Sales,Sales Representative,No,2,2,0
42,5231,Research & Development,Laboratory Technician,Yes,4,5,0
31,2356,Research & Development,Research Scientist,Yes,4,6,0
29,2800,Sales,Sales Representative,Yes,3,3,1
53,11836,Sales,Sales Executive,No,4,2,0
35,10903,Research & Development,Manufacturing Director,No,2,13,0
37,2973,Sales,Sales Representative,No,4,5,0
53,14275,Research & Development,Research Director,No,4,12,0
43,5562,Research & Development,Healthcare Representative,No,4,5,0
47,4537,Sales,Sales Executive,Yes,4,7,0
37,7642,Sales,Sales Executive,Yes,2,10,0
50,17924,Research & Development,Manager,No,1,31,0
39,5204,Human Resources,Human Resources,No,4,5,0
33,2277,Human Resources,Human Resources,Yes,2,4,0
32,2795,Research & Development,Laboratory Technician,Yes,4,1,1
29,2532,Research & Development,Laboratory Technician,No,4,4,0
44,2559,Research & Development,Research Scientist,Yes,1,8,0
28,4908,Sales,Sales Executive,No,4,4,0
58,2380,Research & Development,Laboratory Technician,Yes,4,1,1
43,4765,Research & Development,Manufacturing Director,No,2,1,0
20,2044,Sales,Sales Representative,No,3,2,1
21,2693,Research & Development,Research Scientist,No,4,1,1
36,6586,Research & Development,Healthcare Representative,Yes,4,16,0
47,3294,Sales,Sales Representative,Yes,4,3,0
22,4171,Research & Development,Manufacturing Director,Yes,3,3,1
41,2778,Research & Development,Laboratory Technician,Yes,4,7,1
28,2377,Research & Development,Research Scientist,No,3,2,0
39,2404,Research & Development,Laboratory Technician,Yes,1,2,1
27,2318,Research & Development,Research Scientist,No,3,1,0
34,2008,Research & Development,Laboratory Technician,No,2,1,0
42,6244,Sales,Sales Executive,No,3,5,0
33,2799,Research & Development,Research Scientist,Yes,1,3,0
58,10552,Research & Development,Healthcare Representative,Yes,2,6,0
31,2329,Sales,Sales Representative,No,3,7,0
35,4014,Research & Development,Healthcare Representative,Yes,4,10,0
49,7403,Research & Development,Laboratory Technician,No,2,26,0
48,2259,Research & Development,Research Scientist,No,3,0,0
31,6932,Sales,Sales Executive,No,3,9,0
36,4678,Research & Development,Research Scientist,No,4,6,0
38,13582,Research & Development,Research Director,No,1,15,0
32,2332,Research & Development,Laboratory Technician,No,2,3,0
25,2413,Sales,Sales Representative,Yes,2,1,1
40,9705,Sales,Sales Executive,No,2,1,0
26,4294,Sales,Sales Executive,No,1,7,0
41,4721,Research & Development,Laboratory Technician,Yes,1,18,0
36,2519,Research & Development,Laboratory Technician,No,3,11,0
19,2121,Sales,Sales Representative,Yes,2,1,1
20,2973,Research & Development,Laboratory Technician,No,1,1,1
31,5855,Research & Development,Healthcare Representative,Yes,4,9,0
40,3617,Research & Development,Research Scientist,Yes,2,1,0
32,6725,Research & Development,Manufacturing Director,No,1,8,0
36,10325,Sales,Sales Executive,Yes,4,16,1
33,6949,Research & Development,Healthcare Representative,No,4,5,0
37,10609,Sales,Sales Executive,No,3,14,1
45,4447,Research & Development,Laboratory Technician,No,2,9,0
29,2157,Sales,Sales Representative,No,4,3,0
35,4601,Sales,Sales Executive,No,3,5,0
52,17099,Research & Development,Manager,No,4,9,0
58,2479,Research & Development,Research Scientist,No,3,1,1
53,14852,Sales,Manager,No,3,17,0
30,7264,Sales,Sales Executive,No,3,8,0
38,5666,Sales,Sales Executive,Yes,4,5,0
35,7823,Sales,Sales Executive,No,4,10,0
39,7880,Sales,Sales Executive,No,3,8,0
40,13194,Sales,Sales Executive,Yes,2,1,1
47,5067,Research & Development,Manufacturing Director,Yes,3,19,0
36,5079,Sales,Sales Executive,No,4,7,0
31,2321,Research & Development,Research Scientist,Yes,1,3,1
33,17444,Sales,Manager,No,3,10,0
29,2404,Research & Development,Research Scientist,Yes,1,0,1
33,3452,Research & Development,Research Scientist,No,4,3,0
45,2270,Research & Development,Laboratory Technician,No,4,5,0
50,17399,Research & Development,Research Director,No,4,5,0
33,5488,Research & Development,Healthcare Representative,Yes,2,6,0
41,19419,Research & Development,Research Director,No,3,18,0
27,2811,Research & Development,Laboratory Technician,No,2,2,0
45,3633,Research & Development,Laboratory Technician,Yes,1,9,0
47,4163,Sales,Sales Executive,Yes,4,9,0
30,2132,Research & Development,Research Scientist,Yes,3,5,1
50,13973,Research & Development,Manufacturing Director,Yes,3,12,0
38,2684,Research & Development,Research Scientist,No,3,2,0
46,10845,Research & Development,Manufacturing Director,No,3,8,0
24,4377,Research & Development,Manufacturing Director,No,3,4,0
35,3743,Research & Development,Laboratory Technician,Yes,2,4,1
31,4148,Research & Development,Manufacturing Director,No,1,4,0
18,1051,Research & Development,Research Scientist,No,4,0,0
54,10739,Research & Development,Manufacturing Director,No,3,10,0
35,10388,Research & Development,Healthcare Representative,Yes,3,16,0
30,11416,Research & Development,Research Director,Yes,1,8,0
20,2600,Research & Development,Research Scientist,Yes,1,1,1
30,2422,Research & Development,Laboratory Technician,No,2,3,1
26,5472,Research & Development,Manufacturing Director,No,4,8,0
22,2451,Research & Development,Laboratory Technician,No,1,4,0
48,4240,Research & Development,Healthcare Representative,No,3,2,0
48,10999,Research & Development,Healthcare Representative,No,3,15,0
41,5003,Research & Development,Manufacturing Director,No,3,2,0
39,12742,Research & Development,Manufacturing Director,No,4,21,0
27,4227,Research & Development,Manufacturing Director,No,4,3,0
35,3917,Research & Development,Laboratory Technician,No,4,3,0
42,18303,Sales,Manager,No,3,1,0
50,2380,Research & Development,Laboratory Technician,No,4,1,0
59,13726,Research & Development,Manufacturing Director,Yes,4,5,0
37,4777,Research & Development,Healthcare Representative,No,2,1,1
55,6385,Research & Development,Healthcare Representative,Yes,2,8,0
41,19973,Research & Development,Research Director,No,3,21,0
38,6861,Sales,Sales Executive,Yes,4,1,0
26,4969,Sales,Sales Executive,No,1,2,1
52,19845,Sales,Manager,No,4,32,1
44,13320,Sales,Sales Executive,Yes,4,12,0
50,6347,Sales,Sales Executive,No,3,18,0
36,2743,Research & Development,Laboratory Technician,No,1,17,1
39,10880,Research & Development,Manufacturing Director,Yes,1,21,0
33,2342,Sales,Sales Representative,No,4,2,0
45,17650,Sales,Manager,No,4,9,0
32,4025,Research & Development,Laboratory Technician,No,3,8,0
34,9725,Sales,Sales Executive,No,4,15,0
59,11904,Sales,Manager,Yes,4,6,0
45,2177,Human Resources,Human Resources,No,2,6,0
53,7525,Sales,Sales Executive,No,2,15,0
36,4834,Research & Development,Laboratory Technician,No,3,1,1
26,2042,Research & Development,Research Scientist,Yes,1,3,1
34,2220,Sales,Sales Representative,Yes,3,1,0
28,1052,Sales,Sales Representative,No,2,1,0
38,2821,Research & Development,Research Scientist,No,3,2,0
50,19237,Research & Development,Research Director,Yes,3,8,0
37,4107,Research & Development,Healthcare Representative,No,2,4,0
40,8396,Sales,Sales Executive,No,1,7,0
26,2007,Research & Development,Research Scientist,No,3,5,0
46,19627,Research & Development,Research Director,No,4,2,0
54,10686,Sales,Sales Executive,No,3,9,0
56,2942,Research & Development,Research Scientist,No,3,5,0
36,8858,Research & Development,Manufacturing Director,No,4,14,0
55,16756,Research & Development,Manager,No,1,9,0
43,10798,Sales,Sales Executive,No,4,1,0
20,2323,Sales,Sales Representative,Yes,4,2,1
21,1416,Research & Development,Laboratory Technician,No,1,1,1
46,4615,Research & Development,Research Scientist,Yes,1,16,0
51,2461,Research & Development,Research Scientist,Yes,3,10,1
28,8722,Research & Development,Healthcare Representative,No,1,10,1
26,3955,Research & Development,Laboratory Technician,No,1,5,0
30,9957,Research & Development,Manufacturing Director,No,1,6,0
41,3376,Research & Development,Research Scientist,No,3,10,0
38,8823,Research & Development,Healthcare Representative,No,3,19,0
40,10322,Research & Development,Healthcare Representative,No,4,11,0
27,4621,Research & Development,Laboratory Technician,No,3,3,0
55,10976,Research & Development,Manufacturing Director,No,2,3,0
28,3660,Research & Development,Research Scientist,No,3,8,0
44,10482,Human Resources,Human Resources,No,1,20,1
33,7119,Research & Development,Healthcare Representative,No,4,3,0
35,9582,Sales,Sales Executive,Yes,1,8,1
33,4508,Research & Development,Research Scientist,No,3,13,1
28,2207,Research & Development,Laboratory Technician,No,3,4,0
34,7756,Research & Development,Healthcare Representative,No,4,6,0
37,6694,Sales,Sales Executive,Yes,4,1,0
25,3691,Research & Development,Laboratory Technician,Yes,4,7,1
26,2377,Research & Development,Laboratory Technician,No,3,1,1
33,2313,Research & Development,Research Scientist,Yes,2,2,1
42,17665,Research & Development,Manager,No,1,22,0
28,2596,Research & Development,Laboratory Technician,No,2,1,1
50,4728,Sales,Sales Executive,Yes,3,0,1
33,4302,Sales,Sales Executive,No,2,3,0
34,2979,Research & Development,Research Scientist,No,4,0,0
48,16885,Research & Development,Manager,No,4,5,0
45,5593,Sales,Sales Executive,No,3,15,0
52,10445,Research & Development,Healthcare Representative,No,2,8,0
38,8740,Sales,Sales Executive,Yes,3,8,0
29,2514,Research & Development,Research Scientist,No,4,7,0
28,7655,Research & Development,Manufacturing Director,No,2,9,0
46,17465,Sales,Manager,No,3,12,0
38,7351,Sales,Sales Executive,No,2,1,0
43,10820,Research & Development,Manufacturing Director,No,1,8,0
39,12169,Research & Development,Healthcare Representative,No,4,18,1
40,19626,Research & Development,Research Director,No,3,20,0
21,2070,Research & Development,Research Scientist,Yes,2,2,0
39,6782,Research & Development,Laboratory Technician,No,2,5,0
36,7779,Research & Development,Manufacturing Director,No,4,11,0
31,2791,Sales,Sales Representative,No,4,2,0
28,3201,Research & Development,Research Scientist,No,2,5,0
35,4968,Sales,Sales Executive,No,4,5,0
49,13120,Sales,Sales Executive,No,2,9,0
34,4033,Research & Development,Manufacturing Director,No,3,3,0
29,3291,Research & Development,Research Scientist,No,2,7,0
42,4272,Research & Development,Laboratory Technician,No,4,1,0
29,5056,Research & Development,Manufacturing Director,Yes,4,10,0
38,2844,Human Resources,Human Resources,No,3,7,0
28,2703,Research & Development,Research Scientist,Yes,3,3,0
18,1904,Research & Development,Laboratory Technician,No,3,0,1
33,8224,Sales,Sales Executive,Yes,1,5,1
41,4766,Research & Development,Laboratory Technician,Yes,4,1,0
31,2610,Research & Development,Laboratory Technician,No,3,2,1
37,5731,Research & Development,Healthcare Representative,No,4,6,0
27,2539,Research & Development,Research Scientist,No,3,4,0
34,5714,Sales,Sales Executive,No,3,6,0
35,4323,Human Resources,Human Resources,No,3,5,0
29,7336,Sales,Sales Executive,No,1,11,1
40,13499,Research & Development,Research Director,No,3,18,0
42,13758,Sales,Sales Executive,Yes,1,21,1
42,5155,Sales,Sales Executive,No,1,6,0
35,2258,Research & Development,Laboratory Technician,No,3,8,0
24,3597,Research & Development,Laboratory Technician,No,2,4,0
28,2515,Research & Development,Laboratory Technician,Yes,4,1,1
26,4420,Research & Development,Laboratory Technician,No,4,8,0
30,6578,Sales,Sales Executive,No,3,10,0
40,4422,Research & Development,Research Scientist,Yes,4,1,0
35,10274,Research & Development,Manufacturing Director,No,2,7,0
34,5343,Research & Development,Healthcare Representative,No,1,13,0
35,2376,Research & Development,Laboratory Technician,No,4,2,0
43,5346,Sales,Sales Executive,No,3,4,1
32,2827,Sales,Sales Representative,No,1,1,0
56,19943,Research & Development,Manager,No,1,5,0
29,3131,Research & Development,Laboratory Technician,No,4,10,0
19,2552,Research & Development,Research Scientist,No,1,1,0
45,4477,Research & Development,Research Scientist,Yes,3,3,0
37,6474,Research & Development,Manufacturing Director,No,4,14,0
20,3033,Research & Development,Laboratory Technician,No,3,2,0
44,2936,Research & Development,Research Scientist,Yes,3,6,1
53,18606,Research & Development,Manager,No,3,7,0
29,2168,Research & Development,Research Scientist,Yes,4,5,0
22,2853,Research & Development,Research Scientist,Yes,4,0,1
46,17048,Sales,Manager,No,1,26,0
44,2290,Research & Development,Research Scientist,No,3,0,0
33,3600,Human Resources,Human Resources,No,3,5,0
41,2107,Research & Development,Research Scientist,No,1,1,1
30,4115,Sales,Sales Executive,No,1,4,0
40,4327,Sales,Sales Executive,No,2,0,0
50,17856,Research & Development,Manager,No,1,2,0
28,3196,Research & Development,Laboratory Technician,No,1,6,0
46,19081,Research & Development,Research Director,No,2,4,0
35,8966,Sales,Sales Executive,Yes,1,7,0
24,2210,Research & Development,Laboratory Technician,No,2,1,1
33,4539,Sales,Sales Executive,No,3,10,0
36,2741,Research & Development,Laboratory Technician,No,3,7,0
30,3491,Research & Development,Laboratory Technician,No,3,10,0
44,4541,Research & Development,Research Scientist,No,4,20,0
20,2678,Sales,Sales Representative,No,4,2,0
46,7379,Research & Development,Manufacturing Director,No,4,6,0
42,6272,Human Resources,Human Resources,No,1,4,0
60,5220,Sales,Sales Executive,Yes,4,11,0
32,2743,Research & Development,Laboratory Technician,No,2,2,0
32,4998,Research & Development,Research Scientist,Yes,3,8,0
36,10252,Research & Development,Manufacturing Director,Yes,1,7,0
33,2781,Research & Development,Research Scientist,No,4,14,0
40,6852,Sales,Sales Executive,No,2,5,0
25,4950,Sales,Sales Executive,No,4,4,0
30,3579,Research & Development,Research Scientist,Yes,2,11,0
42,13191,Research & Development,Research Director,Yes,1,1,0
35,10377,Sales,Sales Executive,Yes,4,13,0
27,2235,Research & Development,Research Scientist,Yes,1,9,0
54,10502,Research & Development,Manufacturing Director,No,3,5,0
44,2011,Research & Development,Research Scientist,No,4,10,0
19,1859,Research & Development,Research Scientist,Yes,2,1,1
29,3760,Research & Development,Research Scientist,No,4,3,0
54,17779,Research & Development,Research Director,No,4,10,0
31,6833,Research & Development,Healthcare Representative,Yes,1,6,0
31,6812,Research & Development,Healthcare Representative,No,1,10,0
59,5171,Sales,Sales Executive,No,4,6,0
43,19740,Research & Development,Research Director,No,4,8,0
49,18711,Research & Development,Manager,No,3,1,0
36,3692,Research & Development,Research Scientist,No,2,11,0
48,2559,Research & Development,Laboratory Technician,No,2,1,0
27,2517,Research & Development,Research Scientist,No,3,5,0
29,6623,Research & Development,Healthcare Representative,Yes,4,6,0
48,18265,Research & Development,Research Director,No,4,1,0
29,16124,Research & Development,Research Director,No,4,7,0
34,2585,Research & Development,Research Scientist,No,3,1,0
44,18213,Sales,Manager,No,2,22,0
33,8380,Sales,Sales Executive,Yes,3,9,0
19,2994,Research & Development,Research Scientist,Yes,4,1,0
23,1223,Research & Development,Research Scientist,No,3,1,0
25,1118,Sales,Sales Representative,Yes,4,1,1
26,2875,Research & Development,Research Scientist,Yes,4,8,0
45,18824,Sales,Manager,Yes,2,24,1
55,13577,Research & Development,Healthcare Representative,Yes,2,33,0
21,2625,Research & Development,Laboratory Technician,No,3,2,1
46,18789,Sales,Manager,No,2,11,0
34,4538,Sales,Sales Executive,Yes,1,3,0
51,19847,Sales,Manager,Yes,2,29,0
59,10512,Research & Development,Manufacturing Director,No,4,9,0
34,4444,Research & Development,Laboratory Technician,No,2,11,0
28,2154,Research & Development,Laboratory Technician,Yes,3,4,0
44,19190,Research & Development,Manager,No,1,25,0
34,4490,Human Resources,Human Resources,No,2,10,0
35,3506,Research & Development,Research Scientist,Yes,3,3,0
42,2372,Research & Development,Research Scientist,Yes,2,1,0
43,10231,Sales,Sales Executive,No,4,21,0
36,5410,Research & Development,Manufacturing Director,Yes,2,16,0
44,7978,Research & Development,Healthcare Representative,No,4,10,1
28,3867,Research & Development,Laboratory Technician,Yes,4,2,0
51,2838,Research & Development,Laboratory Technician,No,3,7,0
30,4695,Research & Development,Manufacturing Director,Yes,3,8,0
29,3339,Research & Development,Laboratory Technician,Yes,3,7,1
28,2080,Research & Development,Research Scientist,No,1,3,0
25,2096,Research & Development,Research Scientist,No,2,2,0
32,6209,Sales,Sales Executive,No,4,10,0
45,18061,Research & Development,Manager,No,2,0,0
39,17123,Research & Development,Manager,Yes,2,19,0
58,2372,Research & Development,Research Scientist,No,3,2,0
32,4883,Research & Development,Laboratory Technician,No,3,10,1
39,3904,Research & Development,Research Scientist,No,1,5,1
30,4627,Research & Development,Laboratory Technician,No,4,9,0
36,7094,Research & Development,Healthcare Representative,No,3,7,0
46,3423,Human Resources,Human Resources,No,1,7,0
28,6674,Research & Development,Laboratory Technician,No,4,9,0
50,16880,Research & Development,Research Director,Yes,1,3,0
40,9094,Sales,Sales Executive,Yes,2,5,1
52,8446,Sales,Sales Executive,Yes,2,8,1
30,11916,Research & Development,Manager,Yes,1,9,0
39,4534,Research & Development,Manufacturing Director,No,3,8,0
31,9852,Sales,Sales Executive,Yes,3,10,0
41,6151,Sales,Sales Executive,No,2,19,0
31,2302,Sales,Sales Representative,Yes,2,3,1
44,2362,Research & Development,Laboratory Technician,No,1,3,1
42,17861,Research & Development,Manager,Yes,3,20,0
55,19187,Research & Development,Manager,No,3,19,0
56,19717,Human Resources,Manager,No,2,7,0
40,3544,Research & Development,Research Scientist,No,3,4,0
34,8500,Research & Development,Healthcare Representative,No,4,9,0
40,4661,Research & Development,Research Scientist,No,4,9,0
41,4103,Sales,Sales Executive,No,1,9,0
35,4249,Research & Development,Research Scientist,Yes,3,9,0
51,14026,Human Resources,Manager,Yes,2,33,0
38,6893,Sales,Sales Executive,No,1,7,0
34,6125,Sales,Sales Executive,No,1,10,0
25,3669,Research & Development,Laboratory Technician,No,4,3,0
58,10008,Research & Development,Manufacturing Director,Yes,1,10,1
40,2387,Research & Development,Laboratory Technician,No,2,4,0
36,4639,Sales,Sales Executive,No,1,15,0
48,7898,Research & Development,Manufacturing Director,No,4,10,0
27,2534,Sales,Sales Representative,No,4,1,0
51,13142,Research & Development,Manufacturing Director,No,2,5,0
18,1611,Research & Development,Laboratory Technician,No,4,0,0
35,5363,Research & Development,Laboratory Technician,No,4,9,0
27,5071,Sales,Sales Executive,No,4,6,0
55,13695,Sales,Sales Executive,Yes,3,19,1
56,13402,Research & Development,Manufacturing Director,Yes,2,19,0
34,2029,Research & Development,Research Scientist,No,3,5,0
40,6377,Research & Development,Healthcare Representative,No,3,12,0
34,5429,Research & Development,Laboratory Technician,No,3,8,0
31,2785,Sales,Sales Representative,No,4,1,1
35,4614,Sales,Sales Executive,Yes,3,4,1
38,2610,Research & Development,Research Scientist,No,3,4,0
34,6687,Research & Development,Healthcare Representative,No,4,14,0
28,4724,Sales,Sales Executive,No,1,5,0
31,6179,Research & Development,Manufacturing Director,Yes,3,10,1
39,6120,Sales,Sales Executive,Yes,4,5,0
51,10596,Sales,Sales Executive,No,2,4,0
41,5467,Research & Development,Research Scientist,Yes,4,6,0
37,2996,Research & Development,Research Scientist,Yes,3,6,0
33,9998,Sales,Sales Executive,No,4,5,0
32,4078,Sales,Sales Executive,Yes,2,3,0
39,10920,Research & Development,Healthcare Representative,No,3,6,0
25,6232,Sales,Sales Executive,No,3,3,0
52,13247,Research & Development,Manufacturing Director,Yes,3,5,0
43,4081,Research & Development,Research Scientist,Yes,3,20,0
27,5769,Sales,Sales Executive,Yes,4,6,0
27,2394,Research & Development,Research Scientist,Yes,3,8,1
26,3904,Research & Development,Research Scientist,No,4,4,0
42,16799,Human Resources,Manager,No,1,20,0
52,2950,Research & Development,Laboratory Technician,No,1,5,0
37,3629,Research & Development,Laboratory Technician,No,3,3,0
35,9362,Research & Development,Manufacturing Director,No,4,2,0
25,3229,Research & Development,Laboratory Technician,No,4,3,0
26,3578,Research & Development,Laboratory Technician,No,1,7,0
29,7988,Human Resources,Human Resources,No,1,10,0
49,4284,Research & Development,Laboratory Technician,No,1,4,1
29,7553,Research & Development,Healthcare Representative,Yes,4,8,1
54,17328,Research & Development,Research Director,No,4,20,0
58,19701,Research & Development,Research Director,Yes,1,9,0
55,14732,Research & Development,Research Director,No,4,7,0
36,9278,Sales,Sales Executive,Yes,2,5,0
31,1359,Sales,Sales Representative,No,3,1,1
30,4779,Sales,Sales Executive,No,1,3,0
31,16422,Research & Development,Research Director,No,2,3,0
34,2996,Research & Development,Research Scientist,No,1,4,0
31,1261,Research & Development,Research Scientist,No,2,1,1
27,2099,Research & Development,Laboratory Technician,No,1,5,0
36,5810,Research & Development,Laboratory Technician,No,4,10,0
36,5647,Sales,Sales Executive,No,1,3,0
47,3420,Research & Development,Research Scientist,No,4,6,0
25,4400,Sales,Sales Representative,No,1,3,1
37,3500,Research & Development,Laboratory Technician,No,3,6,0
56,2066,Research & Development,Research Scientist,No,1,3,0
47,17169,Research & Development,Research Director,No,3,20,0
24,4162,Sales,Sales Executive,Yes,3,5,0
32,9204,Sales,Sales Executive,No,4,4,0
34,3294,Research & Development,Laboratory Technician,No,2,5,0
41,2127,Research & Development,Research Scientist,Yes,3,4,0
40,3975,Research & Development,Laboratory Technician,No,3,8,0
31,10793,Sales,Sales Executive,No,4,13,0
46,10096,Sales,Sales Executive,No,4,7,1
39,3646,Research & Development,Laboratory Technician,Yes,1,1,1
31,7446,Research & Development,Manufacturing Director,No,2,10,1
45,10851,Research & Development,Healthcare Representative,Yes,1,7,0
31,2109,Human Resources,Human Resources,No,2,3,0
31,3722,Research & Development,Laboratory Technician,Yes,4,2,1
45,9380,Research & Development,Manufacturing Director,Yes,4,3,0
48,5486,Sales,Sales Executive,No,1,2,0
34,2742,Human Resources,Human Resources,No,3,2,1
40,13757,Research & Development,Research Director,No,2,9,0
28,8463,Sales,Sales Executive,No,1,5,0
44,3162,Research & Development,Laboratory Technician,No,3,5,0
53,16598,Research & Development,Research Director,No,2,9,0
49,6651,Research & Development,Healthcare Representative,No,3,3,0
40,2345,Research & Development,Research Scientist,No,3,3,0
44,3420,Research & Development,Research Scientist,No,2,5,0
33,4373,Sales,Sales Executive,No,1,4,0
34,4759,Sales,Sales Executive,No,1,13,0
30,5301,Sales,Sales Executive,No,3,2,0
42,3673,Research & Development,Laboratory Technician,No,4,12,0
44,4768,Sales,Sales Executive,No,3,1,0
30,1274,Research & Development,Research Scientist,No,3,1,0
57,4900,Research & Development,Research Scientist,No,3,12,0
49,10466,Research & Development,Healthcare Representative,No,2,8,0
34,17007,Research & Development,Research Director,No,1,14,0
28,2909,Sales,Sales Representative,No,3,3,1
29,5765,Sales,Sales Executive,No,2,5,1
34,4599,Sales,Sales Executive,Yes,2,15,1
35,2404,Sales,Sales Representative,No,3,1,0
24,3172,Research & Development,Laboratory Technician,Yes,1,0,1
24,2033,Sales,Sales Representative,No,2,1,0
44,10209,Research & Development,Manufacturing Director,Yes,3,2,0
29,8620,Sales,Sales Executive,No,3,10,0
30,2064,Human Resources,Human Resources,No,3,5,0
55,4035,Research & Development,Healthcare Representative,Yes,3,3,0
33,3838,Research & Development,Laboratory Technician,No,2,5,0
47,4591,Sales,Sales Executive,Yes,3,5,0
28,2561,Research & Development,Laboratory Technician,No,1,0,1
28,1563,Research & Development,Research Scientist,No,3,1,0
28,4898,Sales,Sales Executive,No,1,4,0
49,4789,Research & Development,Laboratory Technician,No,1,3,0
29,3180,Research & Development,Laboratory Technician,No,2,3,0
28,6549,Research & Development,Manufacturing Director,No,2,8,0
33,6388,Research & Development,Healthcare Representative,Yes,3,0,0
32,11244,Research & Development,Manager,No,4,5,0
54,16032,Research & Development,Manager,No,4,14,0
29,2362,Research & Development,Research Scientist,No,1,9,1
44,16328,Research & Development,Research Director,No,1,20,0
39,8376,Research & Development,Manufacturing Director,No,2,2,0
46,16606,Sales,Manager,No,2,13,0
35,8606,Research & Development,Healthcare Representative,No,2,11,0
23,2272,Research & Development,Laboratory Technician,No,3,4,0
40,2018,Research & Development,Laboratory Technician,No,1,5,1
34,7083,Sales,Sales Executive,Yes,3,10,0
31,4084,Research & Development,Research Scientist,No,3,7,1
50,14411,Research & Development,Research Director,Yes,4,32,0
34,2308,Sales,Sales Representative,Yes,3,11,0
42,4841,Research & Development,Laboratory Technician,No,2,1,0
37,4285,Research & Development,Research Scientist,No,4,10,0
29,9715,Research & Development,Healthcare Representative,No,1,7,0
33,4320,Research & Development,Manufacturing Director,No,2,5,0
45,2132,Research & Development,Research Scientist,No,4,5,0
42,10124,Research & Development,Healthcare Representative,Yes,4,20,0
40,5473,Sales,Sales Executive,No,1,8,0
33,5207,Research & Development,Laboratory Technician,Yes,3,15,0
40,16437,Human Resources,Manager,Yes,4,21,0
24,2296,Research & Development,Laboratory Technician,No,1,1,0
40,4069,Research & Development,Healthcare Representative,Yes,4,2,0
45,7441,Research & Development,Healthcare Representative,No,2,10,0
35,2430,Sales,Sales Representative,No,3,5,0
32,5878,Research & Development,Research Scientist,No,2,7,0
36,2644,Sales,Sales Representative,Yes,4,3,0
48,6439,Sales,Sales Executive,No,3,8,0
29,2451,Research & Development,Research Scientist,No,3,1,0
33,6392,Sales,Sales Executive,No,1,2,0
30,9714,Sales,Sales Executive,No,1,10,1
38,6077,Human Resources,Human Resources,No,3,6,0
35,2450,Research & Development,Laboratory Technician,No,1,3,0
30,9250,Sales,Sales Executive,No,2,4,0
35,2074,Research & Development,Laboratory Technician,Yes,1,1,1
53,10169,Research & Development,Manufacturing Director,No,4,33,1
38,4855,Research & Development,Manufacturing Director,No,2,5,1
32,4087,Research & Development,Research Scientist,No,1,6,0
48,2367,Research & Development,Research Scientist,No,1,8,0
34,2972,Research & Development,Research Scientist,No,4,1,0
55,19586,Sales,Manager,No,4,36,0
34,5484,Research & Development,Research Scientist,No,4,2,0
26,2061,Research & Development,Research Scientist,No,4,1,0
38,9924,Sales,Sales Executive,No,2,9,0
38,4198,Sales,Sales Executive,No,2,3,0
36,6815,Sales,Sales Executive,No,3,1,0
29,4723,Research & Development,Laboratory Technician,Yes,1,10,0
35,6142,Research & Development,Healthcare Representative,Yes,3,5,0
39,8237,Sales,Sales Executive,No,3,7,0
29,8853,Research & Development,Healthcare Representative,No,4,6,0
50,19331,Sales,Manager,Yes,3,1,0
23,2073,Research & Development,Research Scientist,No,3,2,0
36,5562,Research & Development,Laboratory Technician,Yes,1,3,0
42,19613,Research & Development,Manager,No,4,1,0
35,3407,Research & Development,Laboratory Technician,No,3,10,0
34,5063,Research & Development,Healthcare Representative,No,3,8,0
40,4639,Sales,Sales Executive,No,1,5,0
43,4876,Research & Development,Laboratory Technician,No,2,6,0
35,2690,Research & Development,Laboratory Technician,No,4,1,0
46,17567,Sales,Manager,No,1,26,0
28,2408,Research & Development,Laboratory Technician,Yes,2,1,1
22,2814,Research & Development,Research Scientist,Yes,3,4,0
50,11245,Research & Development,Healthcare Representative,Yes,3,30,0
32,3312,Research & Development,Research Scientist,No,4,3,0
44,19049,Research & Development,Research Director,Yes,4,22,0
30,2141,Research & Development,Research Scientist,No,2,6,0
45,5769,Research & Development,Laboratory Technician,Yes,1,10,0
45,4385,Sales,Sales Executive,No,1,10,0
31,5332,Sales,Sales Executive,No,1,5,0
36,4663,Research & Development,Manufacturing Director,Yes,3,3,0
34,4724,Research & Development,Manufacturing Director,No,4,9,0
49,3211,Research & Development,Laboratory Technician,No,1,9,0
39,5377,Research & Development,Manufacturing Director,No,1,7,0
27,4066,Research & Development,Laboratory Technician,No,1,7,0
35,5208,Research & Development,Research Scientist,No,1,16,0
28,4877,Research & Development,Manufacturing Director,No,1,5,0
21,3117,Research & Development,Research Scientist,No,4,2,0
18,1569,Sales,Sales Representative,Yes,4,0,1
47,19658,Human Resources,Manager,No,3,5,0
39,3069,Research & Development,Laboratory Technician,No,3,10,0
40,10435,Research & Development,Manufacturing Director,No,3,18,0
35,4148,Research & Development,Healthcare Representative,No,3,14,0
37,5768,Research & Development,Manufacturing Director,No,3,4,0
39,5042,Research & Development,Manufacturing Director,No,3,9,0
45,5770,Research & Development,Manufacturing Director,No,4,10,0
38,7756,Research & Development,Manufacturing Director,Yes,3,5,0
35,10306,Sales,Sales Executive,No,1,13,1
37,3936,Research & Development,Research Scientist,No,2,8,0
40,7945,Research & Development,Manufacturing Director,Yes,4,4,0
44,5743,Human Resources,Human Resources,Yes,4,10,0
48,15202,Research & Development,Manager,No,4,2,0
35,5440,Sales,Sales Executive,Yes,4,2,1
24,3760,Research & Development,Research Scientist,Yes,4,6,0
27,3517,Research & Development,Research Scientist,No,3,3,0
27,2580,Research & Development,Research Scientist,No,4,4,0
40,2166,Research & Development,Laboratory Technician,Yes,1,4,1
29,5869,Sales,Sales Executive,No,3,5,0
36,8008,Research & Development,Healthcare Representative,No,1,3,0
25,5206,Research & Development,Manufacturing Director,No,3,7,0
39,5295,Research & Development,Manufacturing Director,No,2,5,0
49,16413,Research & Development,Research Director,No,2,4,0
50,13269,Research & Development,Research Director,No,1,14,0
20,2783,Sales,Sales Representative,No,3,2,0
34,5433,Research & Development,Research Scientist,No,2,11,0
36,2013,Research & Development,Laboratory Technician,No,2,4,0
49,13966,Research & Development,Healthcare Representative,Yes,3,15,0
36,4374,Research & Development,Manufacturing Director,No,3,3,0
36,6842,Research & Development,Healthcare Representative,No,1,5,0
54,17426,Research & Development,Manager,No,3,10,0
43,17603,Research & Development,Research Director,No,3,14,0
35,4581,Sales,Sales Executive,Yes,4,11,1
38,4735,Research & Development,Research Scientist,No,4,13,0
29,4187,Sales,Sales Executive,Yes,2,10,0
33,5505,Sales,Sales Executive,No,4,6,0
32,5470,Research & Development,Research Scientist,No,2,9,0
31,5476,Sales,Sales Executive,No,4,10,0
49,2587,Research & Development,Laboratory Technician,Yes,1,2,0
38,2440,Research & Development,Laboratory Technician,No,2,4,0
47,15972,Sales,Manager,No,2,3,0
49,15379,Research & Development,Manager,No,3,8,0
41,7082,Sales,Sales Executive,Yes,3,2,0
20,2728,Sales,Sales Representative,No,1,2,0
33,5368,Sales,Sales Executive,Yes,4,6,0
36,5347,Research & Development,Healthcare Representative,No,3,3,0
44,3195,Human Resources,Human Resources,Yes,4,2,0
23,3989,Research & Development,Laboratory Technician,Yes,3,5,1
38,3306,Research & Development,Laboratory Technician,No,3,0,0
53,7005,Research & Development,Healthcare Representative,No,4,4,0
48,2655,Sales,Sales Representative,Yes,3,9,1
32,1393,Research & Development,Laboratory Technician,No,2,1,1
26,2570,Research & Development,Laboratory Technician,No,4,7,0
55,3537,Research & Development,Research Scientist,No,2,4,0
34,3986,Research & Development,Laboratory Technician,No,4,15,0
60,10883,Research & Development,Healthcare Representative,No,4,1,0
33,2028,Research & Development,Laboratory Technician,No,2,14,0
37,9525,Sales,Sales Executive,No,4,6,0
34,2929,Research & Development,Research Scientist,No,4,10,0
23,2275,Sales,Sales Representative,Yes,4,3,1
44,7879,Research & Development,Healthcare Representative,Yes,4,8,0
35,4930,Research & Development,Research Scientist,Yes,4,5,0
43,7847,Sales,Sales Executive,Yes,4,10,0
24,4401,Research & Development,Research Scientist,No,3,5,0
41,9241,Sales,Sales Executive,No,3,10,0
29,2974,Research & Development,Laboratory Technician,No,3,5,0
36,4502,Sales,Sales Representative,No,4,13,0
45,10748,Research & Development,Healthcare Representative,No,3,23,0
24,1555,Human Resources,Human Resources,No,3,1,1
47,12936,Sales,Sales Executive,No,3,23,1
26,2305,Research & Development,Laboratory Technician,No,3,3,0
45,16704,Research & Development,Research Director,No,2,21,0
32,3433,Research & Development,Research Scientist,No,3,5,0
31,3477,Research & Development,Laboratory Technician,No,3,5,0
41,6430,Human Resources,Human Resources,No,2,3,0
40,6516,Research & Development,Manufacturing Director,Yes,1,1,0
24,3907,Research & Development,Laboratory Technician,No,1,6,0
46,5562,Research & Development,Healthcare Representative,No,2,10,0
35,6883,Research & Development,Manufacturing Director,No,3,7,0
30,2862,Research & Development,Research Scientist,No,4,10,0
47,4978,Sales,Sales Executive,No,2,1,0
46,10368,Sales,Sales Executive,Yes,4,10,0
36,6134,Sales,Sales Executive,Yes,1,2,1
32,6735,Sales,Sales Executive,No,2,0,1
23,3295,Research & Development,Laboratory Technician,No,2,3,0
31,5238,Research & Development,Manufacturing Director,No,4,5,0
39,6472,Research & Development,Laboratory Technician,Yes,4,9,0
32,9610,Sales,Sales Executive,No,3,4,0
40,19833,Sales,Manager,No,2,21,0
45,9756,Human Resources,Human Resources,No,3,5,0
30,4968,Research & Development,Research Scientist,No,1,9,0
24,2145,Human Resources,Human Resources,No,4,2,0
30,2180,Human Resources,Human Resources,No,4,4,1
31,8346,Sales,Sales Executive,No,3,5,0
27,3445,Research & Development,Research Scientist,No,4,6,0
29,2760,Sales,Sales Representative,No,2,2,1
29,6294,Research & Development,Healthcare Representative,Yes,3,3,0
30,7140,Sales,Sales Executive,No,1,7,0
34,2932,Research & Development,Research Scientist,Yes,4,5,0
33,5147,Sales,Sales Executive,No,2,11,0
49,4507,Sales,Sales Executive,No,4,5,0
33,8564,Sales,Sales Executive,Yes,1,0,1
38,2468,Research & Development,Laboratory Technician,No,2,6,0
31,8161,Sales,Sales Executive,No,3,1,1
29,2109,Research & Development,Research Scientist,No,1,1,0
30,5294,Research & Development,Healthcare Representative,No,3,7,0
32,2718,Research & Development,Research Scientist,No,2,7,0
38,5811,Research & Development,Healthcare Representative,Yes,4,1,0
43,2437,Research & Development,Research Scientist,Yes,3,1,1
42,2766,Research & Development,Laboratory Technician,No,2,5,0
55,19038,Research & Development,Research Director,No,1,1,0
33,3055,Research & Development,Research Scientist,No,2,9,0
41,2289,Research & Development,Laboratory Technician,No,1,5,0
34,4001,Sales,Sales Executive,Yes,3,15,0
53,12965,Research & Development,Manufacturing Director,Yes,3,3,0
43,3539,Human Resources,Human Resources,No,4,9,0
34,6029,Sales,Sales Executive,No,4,2,0
21,2679,Sales,Sales Representative,No,2,1,1
38,3702,Research & Development,Laboratory Technician,No,3,5,0
22,2398,Research & Development,Laboratory Technician,Yes,1,1,1
31,5468,Sales,Sales Executive,No,4,12,0
51,13116,Research & Development,Manager,No,3,2,0
37,4189,Sales,Sales Executive,No,2,5,0
46,19328,Research & Development,Research Director,Yes,4,2,0
36,8321,Research & Development,Healthcare Representative,Yes,1,12,0
44,2342,Research & Development,Research Scientist,Yes,2,5,1
37,4071,Human Resources,Human Resources,No,2,10,0
35,5813,Sales,Sales Executive,Yes,4,10,1
33,3143,Research & Development,Research Scientist,No,1,10,0
28,2044,Research & Development,Research Scientist,No,4,5,0
39,13464,Research & Development,Research Director,No,3,4,0
46,7991,Sales,Sales Executive,No,2,2,0
40,3377,Research & Development,Laboratory Technician,No,1,4,0
42,5538,Research & Development,Healthcare Representative,No,1,0,0
35,5762,Research & Development,Manufacturing Director,No,4,7,0
38,2592,Human Resources,Human Resources,No,2,11,0
34,5346,Research & Development,Laboratory Technician,No,1,7,1
37,4213,Research & Development,Manufacturing Director,No,1,10,1
39,4127,Sales,Sales Executive,No,4,2,0
43,2438,Research & Development,Research Scientist,No,3,3,0
41,6870,Research & Development,Healthcare Representative,No,2,3,0
41,10447,Sales,Sales Executive,Yes,3,22,0
30,9667,Research & Development,Manufacturing Director,No,3,7,0
26,2148,Human Resources,Human Resources,Yes,2,5,1
46,8926,Research & Development,Healthcare Representative,No,2,9,1
40,6513,Research & Development,Healthcare Representative,No,4,5,0
34,6799,Sales,Sales Executive,No,3,10,0
58,16291,Sales,Manager,No,2,16,0
35,2705,Research & Development,Laboratory Technician,No,3,5,0
47,10333,Research & Development,Manufacturing Director,Yes,2,22,0
40,4448,Research & Development,Healthcare Representative,No,1,7,0
54,6854,Research & Development,Research Scientist,No,4,7,0
31,9637,Sales,Sales Executive,No,1,3,0
28,3591,Research & Development,Research Scientist,No,1,3,0
38,5405,Sales,Sales Representative,Yes,4,4,0
26,4684,Sales,Sales Executive,No,4,5,0
58,15787,Research & Development,Research Director,Yes,3,2,0
18,1514,Research & Development,Research Scientist,No,3,0,0
31,2956,Human Resources,Human Resources,No,1,1,1
29,2335,Human Resources,Human Resources,Yes,1,2,1
45,5154,Sales,Sales Executive,No,3,8,0
36,6962,Research & Development,Research Scientist,Yes,2,1,0
43,5675,Sales,Sales Executive,No,4,7,0
27,2379,Research & Development,Laboratory Technician,Yes,4,5,0
29,3812,Research & Development,Laboratory Technician,No,4,11,0
32,4648,Sales,Sales Executive,No,4,0,0
42,2936,Research & Development,Research Scientist,No,3,6,0
47,2105,Research & Development,Laboratory Technician,No,3,2,0
46,8578,Research & Development,Manufacturing Director,No,4,9,0
28,2706,Human Resources,Human Resources,No,4,3,0
29,6384,Research & Development,Healthcare Representative,No,3,7,0
42,3968,Research & Development,Laboratory Technician,No,3,0,0
32,9907,Sales,Sales Executive,Yes,2,2,1
46,13225,Sales,Sales Executive,No,1,19,0
27,3540,Sales,Sales Representative,No,3,9,0
29,2804,Human Resources,Human Resources,No,2,1,0
43,19392,Research & Development,Manager,No,3,16,0
48,19665,Research & Development,Research Director,No,2,22,0
29,2439,Research & Development,Research Scientist,Yes,4,1,1
46,7314,Sales,Sales Executive,No,2,8,1
27,4774,Research & Development,Research Scientist,No,1,7,0
39,3902,Research & Development,Research Scientist,No,4,2,0
55,2662,Research & Development,Research Scientist,No,4,5,0
28,2856,Sales,Sales Representative,No,2,1,0
30,1081,Sales,Sales Representative,No,4,1,1
22,2472,Research & Development,Research Scientist,Yes,2,1,1
36,5673,Sales,Sales Executive,Yes,3,10,0
31,4197,Research & Development,Laboratory Technician,No,3,10,0
34,9713,Sales,Sales Executive,Yes,4,5,0
29,2062,Research & Development,Laboratory Technician,No,1,3,0
37,4284,Research & Development,Research Scientist,Yes,1,5,0
35,4788,Research & Development,Manufacturing Director,Yes,2,3,0
45,5906,Research & Development,Manufacturing Director,No,4,9,0
36,3886,Human Resources,Human Resources,No,4,10,0
40,16823,Research & Development,Manager,No,1,19,0
26,2933,Research & Development,Research Scientist,Yes,3,1,0
27,6500,Sales,Sales Executive,No,3,8,0
48,17174,Research & Development,Manager,No,4,22,0
44,5033,Research & Development,Healthcare Representative,No,1,2,0
34,2307,Research & Development,Research Scientist,Yes,1,5,1
56,2587,Research & Development,Laboratory Technician,No,4,4,1
36,5507,Sales,Sales Executive,No,2,4,0
41,4393,Sales,Sales Executive,No,2,5,0
42,13348,Research & Development,Research Director,No,1,13,0
31,6583,Sales,Sales Executive,Yes,4,5,0
34,8103,Sales,Sales Executive,Yes,4,4,0
31,3978,Research & Development,Laboratory Technician,No,3,2,0
26,2544,Research & Development,Laboratory Technician,No,4,7,0
45,5399,Research & Development,Healthcare Representative,No,3,4,0
33,5487,Sales,Sales Executive,No,3,10,0
28,6834,Sales,Sales Executive,Yes,4,7,0
29,1091,Sales,Sales Representative,No,1,1,1
39,5736,Sales,Sales Executive,No,3,3,0
27,2226,Research & Development,Research Scientist,No,2,5,0
34,5747,Research & Development,Research Scientist,Yes,4,15,0
28,9854,Sales,Sales Executive,Yes,3,2,1
47,5467,Research & Development,Research Scientist,No,2,8,0
56,5380,Sales,Sales Executive,No,1,0,0
39,5151,Research & Development,Manufacturing Director,No,1,10,0
38,2133,Research & Development,Research Scientist,Yes,2,20,0
58,17875,Sales,Manager,Yes,4,1,0
32,2432,Research & Development,Research Scientist,Yes,3,4,1
38,4771,Research & Development,Research Scientist,No,4,5,0
49,19161,Research & Development,Research Director,No,4,5,0
42,5087,Sales,Sales Executive,Yes,4,0,0
27,2863,Human Resources,Human Resources,No,2,1,1
35,5561,Sales,Sales Executive,No,1,5,0
28,2144,Research & Development,Research Scientist,No,3,5,0
31,3065,Research & Development,Research Scientist,Yes,1,4,0
36,2810,Research & Development,Laboratory Technician,No,2,5,0
34,9888,Sales,Sales Executive,No,4,14,0
34,8628,Sales,Sales Executive,No,3,8,0
26,2867,Research & Development,Laboratory Technician,No,1,7,0
29,5373,Research & Development,Healthcare Representative,No,1,5,0
32,6667,Research & Development,Healthcare Representative,No,4,5,0
31,5003,Research & Development,Research Scientist,No,1,10,0
28,2367,Research & Development,Laboratory Technician,No,4,4,1
38,2858,Sales,Sales Representative,No,1,1,0
35,5204,Sales,Sales Executive,Yes,4,10,0
27,4105,Sales,Sales Executive,No,4,7,0
32,9679,Research & Development,Manufacturing Director,No,4,1,0
31,5617,Sales,Sales Executive,Yes,4,10,1
53,10448,Sales,Sales Executive,Yes,1,2,1
54,2897,Research & Development,Research Scientist,No,3,4,0
33,5968,Research & Development,Healthcare Representative,No,3,9,0
43,7510,Research & Development,Healthcare Representative,No,3,10,0
38,2991,Human Resources,Human Resources,Yes,2,6,0
55,19636,Human Resources,Manager,Yes,2,10,0
31,1129,Research & Development,Laboratory Technician,Yes,4,1,0
39,13341,Sales,Sales Executive,No,1,20,0
42,4332,Research & Development,Research Scientist,No,3,20,0
31,11031,Research & Development,Research Director,No,3,11,0
54,4440,Research & Development,Manufacturing Director,Yes,1,5,0
24,4617,Research & Development,Healthcare Representative,No,3,4,0
23,2647,Research & Development,Laboratory Technician,No,4,5,0
40,6323,Research & Development,Laboratory Technician,No,3,10,0
40,5677,Sales,Sales Executive,No,2,11,0
25,2187,Human Resources,Human Resources,No,2,2,0
30,3748,Research & Development,Laboratory Technician,No,2,12,0
25,3977,Research & Development,Laboratory Technician,Yes,3,2,0
47,8633,Research & Development,Healthcare Representative,No,3,17,0
33,2008,Research & Development,Laboratory Technician,No,3,1,0
38,4440,Sales,Sales Executive,No,2,15,0
31,3067,Sales,Sales Representative,No,3,2,0
38,5321,Research & Development,Manufacturing Director,No,3,8,0
42,5410,Research & Development,Research Scientist,Yes,1,4,0
41,2782,Research & Development,Research Scientist,No,4,5,0
47,11957,Research & Development,Research Director,No,2,13,0
35,2660,Research & Development,Laboratory Technician,Yes,3,2,0
22,3375,Research & Development,Research Scientist,No,3,3,0
35,5098,Research & Development,Research Scientist,No,3,10,0
33,4878,Research & Development,Healthcare Representative,Yes,4,9,0
32,2837,Research & Development,Laboratory Technician,No,2,6,0
40,2406,Research & Development,Laboratory Technician,No,4,1,0
32,2269,Sales,Sales Representative,No,2,2,0
39,4108,Research & Development,Research Scientist,No,4,7,0
38,13206,Research & Development,Research Director,No,3,18,0
32,10422,Sales,Sales Executive,No,4,14,0
37,13744,Research & Development,Research Director,Yes,4,16,0
25,4907,Sales,Sales Executive,Yes,3,5,0
52,3482,Sales,Sales Representative,No,4,9,0
44,2436,Research & Development,Research Scientist,Yes,4,4,0
21,2380,Sales,Sales Representative,Yes,1,2,0
39,19431,Research & Development,Manager,No,4,6,0
23,1790,Sales,Sales Representative,No,1,1,1
36,7644,Sales,Sales Executive,No,4,9,0
36,5131,Research & Development,Manufacturing Director,No,2,4,0
56,6306,Research & Development,Healthcare Representative,No,3,13,0
29,4787,Research & Development,Research Scientist,Yes,4,2,1
42,18880,Research & Development,Manager,No,3,22,0
56,2339,Research & Development,Laboratory Technician,No,3,10,1
41,13570,Research & Development,Manufacturing Director,No,2,20,0
34,6712,Sales,Sales Executive,No,3,8,0
36,5406,Sales,Sales Executive,No,4,15,0
41,8938,Sales,Sales Executive,No,2,5,0
32,2439,Research & Development,Research Scientist,No,1,4,0
35,8837,Human Resources,Human Resources,Yes,4,9,0
38,5343,Sales,Sales Executive,No,4,10,0
50,6728,Sales,Sales Executive,No,3,6,1
36,6652,Sales,Sales Executive,No,4,6,0
45,4850,Sales,Sales Executive,No,3,5,0
40,2809,Research & Development,Research Scientist,No,3,2,0
35,5689,Research & Development,Healthcare Representative,Yes,3,10,0
40,2001,Research & Development,Research Scientist,No,3,5,0
35,2977,Research & Development,Research Scientist,No,4,4,0
29,4025,Research & Development,Laboratory Technician,Yes,2,4,0
29,3785,Research & Development,Research Scientist,No,1,5,0
50,10854,Sales,Sales Executive,Yes,1,3,1
39,12031,Sales,Sales Executive,No,4,20,0
31,9936,Research & Development,Manufacturing Director,No,1,9,0
26,2966,Sales,Sales Representative,No,3,4,0
36,2571,Research & Development,Laboratory Technician,No,4,5,0
39,9991,Research & Development,Healthcare Representative,No,1,7,0
27,6142,Research & Development,Manufacturing Director,Yes,2,6,0
49,5390,Sales,Sales Executive,No,2,9,0
34,4404,Research & Development,Laboratory Technician,No,3,4,0
